LocalTimestamp,EmotiBitTimestamp,PacketNumber,DataLength,TypeTag,ProtocolVersion,DataReliability,SF
1742899274.618037,217551.000,33348,1,SF,1,100,7.4385
1742899275.018041,217951.000,33415,1,SF,1,100,7.3524
1742899275.285044,218218.000,33466,1,SF,1,100,7.2674
1742899275.618048,218551.000,33516,1,SF,1,100,7.1833
1742899275.951051,218884.000,33572,1,SF,1,100,7.1002
1742899276.284055,219217.000,33622,1,SF,1,100,7.0181
1742899276.684059,219617.000,33687,1,SF,1,100,6.9369
1742899277.018063,219951.000,33738,1,SF,1,100,6.8566
1742899277.284065,220217.000,33788,1,SF,1,100,6.7773
1742899277.618069,220551.000,33839,1,SF,1,100,6.6989
1742899278.018073,220951.000,33904,1,SF,1,100,6.6214
1742899278.351077,221284.000,33956,1,SF,1,100,6.5448
1742899278.618080,221551.000,34007,1,SF,1,100,6.4691
1742899278.951083,221884.000,34057,1,SF,1,100,6.3943
1742899279.351088,222284.000,34122,1,SF,1,100,6.3203
1742899279.684091,222617.000,34173,1,SF,1,100,6.2472
1742899279.951094,222884.000,34223,1,SF,1,100,6.1749
1742899280.284098,223217.000,34274,1,SF,1,100,6.1035
1742899280.684102,223617.000,34339,1,SF,1,100,6.0329
1742899280.951105,223884.000,34380,1,SF,1,100,5.9631
1742899281.284108,224217.000,34429,1,SF,1,100,5.8941
1742899281.684113,224617.000,34497,1,SF,1,100,5.8259
1742899282.017116,224950.000,34546,1,SF,1,100,5.7585
1742899282.284119,225217.000,34597,1,SF,1,100,5.6919
1742899282.617123,225550.000,34645,1,SF,1,100,5.6261
1742899283.017127,225950.000,34712,1,SF,1,100,5.5610
1742899283.284130,226217.000,34763,1,SF,1,100,5.4967
1742899283.617133,226550.000,34815,1,SF,1,100,5.4331
1742899283.950137,226883.000,34864,1,SF,1,100,5.3702
1742899284.350141,227283.000,34929,1,SF,1,100,5.3081
1742899284.617144,227550.000,34981,1,SF,1,100,5.2467
1742899284.950147,227883.000,35030,1,SF,1,100,5.1860
1742899285.350152,228283.000,35097,1,SF,1,100,5.1260
1742899285.617155,228550.000,35145,1,SF,1,100,5.0667
1742899286.017159,228950.000,35201,1,SF,1,100,5.0081
1742899286.283162,229216.000,35249,1,SF,1,100,4.9502
1742899286.617165,229550.000,35300,1,SF,1,100,4.8929
1742899287.017169,229950.000,35366,1,SF,1,100,4.8363
1742899287.283172,230216.000,35417,1,SF,1,100,4.7804
1742899287.617176,230550.000,35466,1,SF,1,100,4.7251
1742899287.950180,230883.000,35514,1,SF,1,100,4.6704
1742899288.350184,231283.000,35583,1,SF,1,100,4.6164
1742899288.616187,231549.000,35634,1,SF,1,100,4.5630
1742899288.950190,231883.000,35684,1,SF,1,100,4.5102
1742899289.350194,232283.000,35749,1,SF,1,100,4.4580
1742899289.683198,232616.000,35800,1,SF,1,100,4.4064
1742899289.950201,232883.000,35850,1,SF,1,100,4.3555
1742899290.283205,233216.000,35901,1,SF,1,100,4.3051
1742899290.683209,233616.000,35966,1,SF,1,100,4.2553
1742899290.950212,233883.000,36016,1,SF,1,100,4.2061
1742899291.283215,234216.000,36070,1,SF,1,100,4.1574
1742899291.616219,234549.000,36120,1,SF,1,100,4.1093
1742899291.950222,234883.000,36169,1,SF,1,100,4.0618
1742899292.350227,235283.000,36236,1,SF,1,100,4.0148
1742899292.616229,235549.000,36286,1,SF,1,100,3.9683
1742899292.949233,235882.000,36337,1,SF,1,100,3.9224
1742899293.349237,236282.000,36404,1,SF,1,100,3.8771
1742899293.616240,236549.000,36454,1,SF,1,100,3.8322
1742899293.949244,236882.000,36504,1,SF,1,100,3.7879
1742899294.283247,237216.000,36553,1,SF,1,100,3.7441
1742899294.683251,237616.000,36620,1,SF,1,100,3.7008
1742899294.949254,237882.000,36669,1,SF,1,100,3.6579
1742899295.283258,238216.000,36719,1,SF,1,100,3.6156
1742899295.682262,238615.000,36784,1,SF,1,100,3.5738
1742899295.949265,238882.000,36837,1,SF,1,100,3.5325
1742899296.349269,239282.000,36890,1,SF,1,100,3.4916
1742899296.616272,239549.000,36943,1,SF,1,100,3.4512
1742899296.949276,239882.000,36991,1,SF,1,100,3.4113
1742899297.349280,240282.000,37058,1,SF,1,100,3.3718
1742899297.682283,240615.000,37107,1,SF,1,100,3.3328
1742899297.949286,240882.000,37159,1,SF,1,100,3.2943
1742899298.282290,241215.000,37208,1,SF,1,100,3.2561
1742899298.682294,241615.000,37277,1,SF,1,100,3.2185
1742899298.949297,241882.000,37325,1,SF,1,100,3.1812
1742899299.282301,242215.000,37377,1,SF,1,100,3.1444
1742899299.682305,242615.000,37442,1,SF,1,100,3.1081
1742899300.015308,242948.000,37493,1,SF,1,100,3.0721
1742899300.282311,243215.000,37542,1,SF,1,100,3.0366
1742899300.615315,243548.000,37592,1,SF,1,100,3.0015
1742899301.015319,243948.000,37657,1,SF,1,100,2.9667
1742899301.349323,244282.000,37715,1,SF,1,100,2.9324
1742899301.682326,244615.000,37765,1,SF,1,100,4.9807
1742899301.949329,244882.000,37818,1,SF,1,100,4.9231
1742899302.282333,245215.000,37866,1,SF,1,100,4.8662
1742899302.682337,245615.000,37933,1,SF,1,100,4.8099
1742899302.948340,245881.000,37984,1,SF,1,100,4.7542
1742899303.282343,246215.000,38033,1,SF,1,100,4.6992
1742899303.615347,246548.000,38087,1,SF,1,100,4.6449
1742899304.015351,246948.000,38154,1,SF,1,100,6.6734
1742899304.282354,247215.000,38204,1,SF,1,100,6.5962
1742899304.615358,247548.000,38253,1,SF,1,100,6.5199
1742899305.015362,247948.000,38320,1,SF,1,100,6.4445
1742899305.282365,248215.000,38370,1,SF,1,100,6.3699
1742899305.615368,248548.000,38421,1,SF,1,100,6.2962
1742899305.948372,248881.000,38469,1,SF,1,100,6.2234
1742899306.348376,249281.000,38538,1,SF,1,100,8.2337
1742899306.681380,249614.000,38594,1,SF,1,100,8.1384
1742899306.948383,249881.000,38644,1,SF,1,100,8.0443
1742899307.281386,250214.000,38693,1,SF,1,100,7.9512
1742899307.681390,250614.000,38761,1,SF,1,100,7.8592
1742899308.015394,250948.000,38810,1,SF,1,100,7.7683
1742899308.281397,251214.000,38861,1,SF,1,100,7.6785
1742899308.614400,251547.000,38911,1,SF,1,100,7.5896
1742899309.014405,251947.000,38978,1,SF,1,100,7.5018
1742899309.281407,252214.000,39029,1,SF,1,100,7.4150
1742899309.614411,252547.000,39079,1,SF,1,100,7.3293
1742899310.014415,252947.000,39146,1,SF,1,100,7.2445
1742899310.281418,253214.000,39195,1,SF,1,100,7.1607
1742899310.614422,253547.000,39247,1,SF,1,100,7.0778
1742899310.948425,253881.000,39296,1,SF,1,100,6.9960
1742899311.348429,254281.000,39363,1,SF,1,100,6.9150
1742899311.681433,254614.000,39414,1,SF,1,100,6.8350
1742899311.948436,254881.000,39467,1,SF,1,100,6.7560
1742899312.281440,255214.000,39515,1,SF,1,100,6.6778
1742899312.614443,255547.000,39564,1,SF,1,100,6.6006
1742899312.947447,255880.000,39618,1,SF,1,100,8.6065
1742899313.281450,256214.000,39670,1,SF,1,100,8.5069
1742899313.681454,256614.000,39737,1,SF,1,100,8.4085
1742899314.014458,256947.000,39790,1,SF,1,100,10.3935
1742899314.281461,257214.000,39839,1,SF,1,100,10.2733
1742899314.614465,257547.000,39889,1,SF,1,100,10.1544
1742899315.014469,257947.000,39954,1,SF,1,100,10.0369
1742899315.347472,258280.000,40007,1,SF,1,100,9.9208
1742899315.614475,258547.000,40057,1,SF,1,100,11.8883
1742899315.947479,258880.000,40108,1,SF,1,100,11.7508
1742899316.347483,259280.000,40174,1,SF,1,100,11.6149
1742899316.680486,259613.000,40233,1,SF,1,100,13.5628
1742899317.014490,259947.000,40281,1,SF,1,100,13.4059
1742899317.347494,260280.000,40334,1,SF,1,100,13.2508
1742899317.614496,260547.000,40382,1,SF,1,100,13.0975
1742899317.947500,260880.000,40435,1,SF,1,100,15.0282
1742899318.347504,261280.000,40504,1,SF,1,100,14.8544
1742899318.614507,261547.000,40554,1,SF,1,100,14.6825
1742899318.947511,261880.000,40603,1,SF,1,100,14.5127
1742899319.280514,262213.000,40653,1,SF,1,100,14.3448
1742899319.680519,262613.000,40721,1,SF,1,100,14.1789
1742899319.947521,262880.000,40771,1,SF,1,100,14.0149
1742899320.280525,263213.000,40821,1,SF,1,100,13.8527
1742899320.613528,263546.000,40870,1,SF,1,100,13.6925
1742899321.013533,263946.000,40937,1,SF,1,100,13.5341
1742899321.280536,264213.000,40987,1,SF,1,100,13.3775
1742899321.613539,264546.000,41036,1,SF,1,100,13.2228
1742899322.013543,264946.000,41094,1,SF,1,100,13.0698
1742899322.280546,265213.000,41142,1,SF,1,100,12.9186
1742899322.613550,265546.000,41194,1,SF,1,100,12.7692
1742899322.946553,265879.000,41243,1,SF,1,100,12.6215
1742899323.346558,266279.000,41312,1,SF,1,100,12.4754
1742899323.613560,266546.000,41361,1,SF,1,100,12.3311
1742899323.946564,266879.000,41415,1,SF,1,100,14.2707
1742899324.280568,267213.000,41464,1,SF,1,100,14.1057
1742899324.680572,267613.000,41531,1,SF,1,100,13.9425
1742899324.946575,267879.000,41579,1,SF,1,100,13.7812
1742899325.279578,268212.000,41632,1,SF,1,100,13.6218
1742899325.613582,268546.000,41680,1,SF,1,100,13.4642
1742899325.946585,268879.000,41731,1,SF,1,100,13.3084
1742899326.346590,269279.000,41796,1,SF,1,100,13.1545
1742899326.613593,269546.000,41848,1,SF,1,100,13.0023
1742899327.013597,269946.000,41900,1,SF,1,100,12.8519
1742899327.279600,270212.000,41952,1,SF,1,100,12.7032
1742899327.613603,270546.000,42001,1,SF,1,100,12.5563
1742899327.946607,270879.000,42051,1,SF,1,100,12.4110
1742899328.412612,271345.000,42104,1,SF,1,100,12.2675
1742899328.612614,271545.000,42123,1,SF,1,100,12.1255
1742899329.012618,271945.000,42191,1,SF,1,100,11.9853
1742899329.346622,272279.000,42241,1,SF,1,100,11.8466
1742899329.612625,272545.000,42291,1,SF,1,100,11.7096
1742899329.946628,272879.000,42340,1,SF,1,100,11.5741
1742899330.346632,273279.000,42407,1,SF,1,100,11.4402
1742899330.612635,273545.000,42457,1,SF,1,100,11.3079
1742899330.946639,273879.000,42510,1,SF,1,100,13.2593
1742899331.279642,274212.000,42558,1,SF,1,100,13.1060
1742899331.679647,274612.000,42625,1,SF,1,100,12.9543
1742899332.012650,274945.000,42683,1,SF,1,100,12.8045
1742899332.345654,275278.000,42731,1,SF,1,100,12.6564
1742899332.612657,275545.000,42782,1,SF,1,100,12.5100
1742899332.945660,275878.000,42832,1,SF,1,100,12.3652
1742899333.345665,276278.000,42901,1,SF,1,100,12.2222
1742899333.612667,276545.000,42950,1,SF,1,100,12.0808
1742899333.945671,276878.000,43000,1,SF,1,100,11.9411
1742899334.279675,277212.000,43051,1,SF,1,100,11.8029
1742899334.679679,277612.000,43116,1,SF,1,100,11.6664
1742899334.945682,277878.000,43168,1,SF,1,100,13.6137
1742899335.279685,278212.000,43217,1,SF,1,100,13.4562
1742899335.679689,278612.000,43287,1,SF,1,100,15.3828
1742899336.012693,278945.000,43337,1,SF,1,100,15.2048
1742899336.279696,279212.000,43390,1,SF,1,100,17.1112
1742899336.612700,279545.000,43440,1,SF,1,100,16.9133
1742899337.012704,279945.000,43507,1,SF,1,100,16.7176
1742899337.345707,280278.000,43565,1,SF,1,100,16.5242
1742899337.678711,280611.000,43617,1,SF,1,100,18.4153
1742899337.945714,280878.000,43670,1,SF,1,100,20.2845
1742899338.278717,281211.000,43720,1,SF,1,100,20.0499
1742899338.678721,281611.000,43787,1,SF,1,100,19.8179
1742899338.945724,281878.000,43838,1,SF,1,100,19.5887
1742899339.278728,282211.000,43887,1,SF,1,100,19.3621
1742899339.611732,282544.000,43941,1,SF,1,100,21.2204
1742899340.011736,282944.000,44006,1,SF,1,100,20.9749
1742899340.278738,283211.000,44056,1,SF,1,100,20.7322
1742899340.611742,283544.000,44105,1,SF,1,100,20.4924
1742899341.011746,283944.000,44172,1,SF,1,100,20.2553
1742899341.278749,284211.000,44222,1,SF,1,100,20.0210
1742899341.611753,284544.000,44273,1,SF,1,100,19.7894
1742899341.944757,284877.000,44321,1,SF,1,100,19.5605
1742899342.278760,285211.000,44379,1,SF,1,100,19.3342
1742899342.678764,285611.000,44444,1,SF,1,100,19.1106
1742899342.944767,285877.000,44494,1,SF,1,100,18.8895
1742899343.278771,286211.000,44545,1,SF,1,100,18.6710
1742899343.611774,286544.000,44595,1,SF,1,100,18.4550
1742899344.011779,286944.000,44662,1,SF,1,100,18.2415
1742899344.278781,287211.000,44711,1,SF,1,100,18.0305
1742899344.611785,287544.000,44761,1,SF,1,100,17.8219
1742899345.011789,287944.000,44826,1,SF,1,100,17.6157
1742899345.278792,288211.000,44879,1,SF,1,100,17.4120
1742899345.611796,288544.000,44927,1,SF,1,100,17.2105
1742899345.944799,288877.000,44978,1,SF,1,100,17.0114
1742899346.344803,289277.000,45043,1,SF,1,100,16.8147
1742899346.611806,289544.000,45095,1,SF,1,100,16.6201
1742899346.944810,289877.000,45144,1,SF,1,100,16.4279
1742899347.344814,290277.000,45218,1,SF,1,100,18.3201
1742899347.677818,290610.000,45267,1,SF,1,100,18.1082
1742899348.011821,290944.000,45319,1,SF,1,100,17.8987
1742899348.344825,291277.000,45371,1,SF,1,100,19.7739
1742899348.610828,291543.000,45424,1,SF,1,100,19.5451
1742899348.944831,291877.000,45472,1,SF,1,100,19.3190
1742899349.344836,292277.000,45539,1,SF,1,100,19.0956
1742899349.677839,292610.000,45588,1,SF,1,100,18.8747
1742899349.944842,292877.000,45640,1,SF,1,100,18.6563
1742899350.277845,293210.000,45689,1,SF,1,100,18.4405
1742899350.677850,293610.000,45756,1,SF,1,100,18.2272
1742899350.944853,293877.000,45804,1,SF,1,100,18.0163
1742899351.277856,294210.000,45855,1,SF,1,100,17.8079
1742899351.610860,294543.000,45905,1,SF,1,100,17.6019
1742899352.010864,294943.000,45970,1,SF,1,100,17.3983
1742899352.277867,295210.000,46021,1,SF,1,100,17.1970
1742899352.610870,295543.000,46061,1,SF,1,100,19.0803
1742899353.010875,295943.000,46130,1,SF,1,100,18.8596
1742899353.277878,296210.000,46181,1,SF,1,100,18.6414
1742899353.610881,296543.000,46233,1,SF,1,100,18.4258
1742899353.943885,296876.000,46284,1,SF,1,100,20.2949
1742899354.343889,297276.000,46351,1,SF,1,100,20.0601
1742899354.610892,297543.000,46401,1,SF,1,100,19.8281
1742899354.943895,297876.000,46452,1,SF,1,100,19.5987
1742899355.343899,298276.000,46517,1,SF,1,100,19.3720
1742899355.610902,298543.000,46567,1,SF,1,100,19.1479
1742899355.943906,298876.000,46617,1,SF,1,100,18.9264
1742899356.276910,299209.000,46668,1,SF,1,100,18.7074
1742899356.676914,299609.000,46733,1,SF,1,100,18.4910
1742899356.943917,299876.000,46784,1,SF,1,100,18.2771
1742899357.276920,300209.000,46832,1,SF,1,100,18.0657
1742899357.610924,300543.000,46890,1,SF,1,100,17.8567
1742899357.943927,300876.000,46940,1,SF,1,100,17.6501
1742899358.343932,301276.000,47009,1,SF,1,100,17.4460
1742899358.609935,301542.000,47060,1,SF,1,100,17.2441
1742899358.943938,301876.000,47108,1,SF,1,100,17.0447
1742899359.343942,302276.000,47175,1,SF,1,100,16.8475
1742899359.609945,302542.000,47226,1,SF,1,100,18.7348
1742899359.943949,302876.000,47278,1,SF,1,100,18.5181
1742899360.276952,303209.000,47327,1,SF,1,100,18.3039
1742899360.676957,303609.000,47394,1,SF,1,100,18.0922
1742899360.943959,303876.000,47442,1,SF,1,100,17.8829
1742899361.276963,304209.000,47493,1,SF,1,100,17.6760
1742899361.676967,304609.000,47558,1,SF,1,100,17.4715
1742899361.943970,304876.000,47610,1,SF,1,100,17.2694
1742899362.276974,305209.000,47659,1,SF,1,100,17.0696
1742899362.609977,305542.000,47709,1,SF,1,100,16.8722
1742899362.942981,305875.000,47765,1,SF,1,100,16.6770
1742899363.342985,306275.000,47834,1,SF,1,100,16.4841
1742899363.609988,306542.000,47884,1,SF,1,100,16.2934
1742899363.942991,306875.000,47934,1,SF,1,100,16.1049
1742899364.276995,307209.000,47983,1,SF,1,100,15.9186
1742899364.676999,307609.000,48050,1,SF,1,100,15.7344
1742899364.943002,307875.000,48101,1,SF,1,100,15.5524
1742899365.276006,308208.000,48149,1,SF,1,100,15.3725
1742899365.676010,308608.000,48216,1,SF,1,100,15.1947
1742899365.943013,308875.000,48267,1,SF,1,100,15.0189
1742899366.276016,309208.000,48317,1,SF,1,100,14.8452
1742899366.610020,309542.000,48366,1,SF,1,100,14.6734
1742899367.010024,309942.000,48433,1,SF,1,100,14.5037
1742899367.276027,310208.000,48483,1,SF,1,100,14.3359
1742899367.610031,310542.000,48532,1,SF,1,100,14.1701
1742899367.943034,310875.000,48587,1,SF,1,100,14.0062
1742899368.276038,311208.000,48636,1,SF,1,100,13.8441
1742899368.676042,311608.000,48705,1,SF,1,100,13.6840
1742899368.943045,311875.000,48753,1,SF,1,100,13.5257
1742899369.276048,312208.000,48804,1,SF,1,100,13.3692
1742899369.676053,312608.000,48870,1,SF,1,100,13.2146
1742899369.943056,312875.000,48921,1,SF,1,100,13.0617
1742899370.276059,313208.000,48970,1,SF,1,100,12.9106
1742899370.609063,313541.000,49020,1,SF,1,100,12.7613
1742899371.009067,313941.000,49085,1,SF,1,100,12.6136
1742899371.276070,314208.000,49138,1,SF,1,100,12.4677
1742899371.609073,314541.000,49186,1,SF,1,100,12.3235
1742899372.009078,314941.000,49253,1,SF,1,100,12.1809
1742899372.276080,315208.000,49302,1,SF,1,100,12.0400
1742899372.609084,315541.000,49354,1,SF,1,100,11.9007
1742899372.942088,315874.000,49408,1,SF,1,100,11.7631
1742899373.276091,316208.000,49458,1,SF,1,100,11.6270
1742899373.676095,316608.000,49525,1,SF,1,100,11.4925
1742899373.942098,316874.000,49576,1,SF,1,100,11.3595
1742899374.276102,317208.000,49626,1,SF,1,100,11.2281
1742899374.676106,317608.000,49691,1,SF,1,100,11.0983
1742899375.009110,317941.000,49742,1,SF,1,100,10.9699
1742899375.276113,318208.000,49792,1,SF,1,100,10.8430
1742899375.609116,318541.000,49846,1,SF,1,100,10.7175
1742899376.009120,318941.000,49911,1,SF,1,100,10.5936
1742899376.275123,319207.000,49962,1,SF,1,100,10.4710
1742899376.609127,319541.000,50014,1,SF,1,100,10.3499
1742899376.942130,319874.000,50065,1,SF,1,100,10.2301
1742899377.342134,320274.000,50130,1,SF,1,100,10.1118
1742899377.609138,320541.000,50181,1,SF,1,100,9.9948
1742899377.942141,320874.000,50229,1,SF,1,100,9.8792
1742899378.275145,321207.000,50287,1,SF,1,100,9.7649
1742899378.675149,321607.000,50354,1,SF,1,100,9.6520
1742899378.942152,321874.000,50404,1,SF,1,100,9.5403
1742899379.275155,322207.000,50455,1,SF,1,100,9.4299
1742899379.608159,322540.000,50505,1,SF,1,100,9.3209
1742899380.008163,322940.000,50572,1,SF,1,100,11.2953
1742899380.275166,323207.000,50621,1,SF,1,100,11.1646
1742899380.608170,323540.000,50671,1,SF,1,100,11.0355
1742899381.008174,323940.000,50738,1,SF,1,100,10.9078
1742899381.275177,324207.000,50789,1,SF,1,100,10.7816
1742899381.608180,324540.000,50837,1,SF,1,100,10.6569
1742899381.941184,324873.000,50888,1,SF,1,100,10.5336
1742899382.341188,325273.000,50953,1,SF,1,100,10.4118
1742899382.675192,325607.000,51005,1,SF,1,100,10.2913
1742899382.941194,325873.000,51054,1,SF,1,100,10.1723
1742899383.275198,326207.000,51111,1,SF,1,100,10.0546
1742899383.608202,326540.000,51162,1,SF,1,100,9.9383
1742899384.008206,326940.000,51229,1,SF,1,100,9.8233
1742899384.341209,327273.000,51277,1,SF,1,100,9.7097
1742899384.608212,327540.000,51330,1,SF,1,100,9.5974
1742899384.941216,327873.000,51378,1,SF,1,100,9.4863
1742899385.341220,328273.000,51443,1,SF,1,100,9.3766
1742899385.608223,328540.000,51494,1,SF,1,100,9.2681
1742899385.941226,328873.000,51543,1,SF,1,100,9.1609
1742899386.274230,329206.000,51595,1,SF,1,100,9.0549
1742899386.674234,329606.000,51660,1,SF,1,100,8.9502
1742899386.941237,329873.000,51710,1,SF,1,100,8.8467
1742899387.274241,330206.000,51759,1,SF,1,100,8.7443
1742899387.674245,330606.000,51826,1,SF,1,100,8.6432
1742899387.941248,330873.000,51876,1,SF,1,100,8.5432
1742899388.341252,331273.000,51932,1,SF,1,100,8.4444
1742899388.607255,331539.000,51984,1,SF,1,100,8.3467
1742899388.941258,331873.000,52035,1,SF,1,100,8.2501
1742899389.341263,332273.000,52100,1,SF,1,100,8.1547
1742899389.607266,332539.000,52150,1,SF,1,100,8.0603
1742899389.941269,332873.000,52199,1,SF,1,100,7.9671
1742899390.274273,333206.000,52249,1,SF,1,100,7.8749
1742899390.674277,333606.000,52316,1,SF,1,100,7.7838
1742899390.941280,333873.000,52365,1,SF,1,100,7.6938
1742899391.274283,334206.000,52415,1,SF,1,100,7.6048
1742899391.674288,334606.000,52480,1,SF,1,100,7.5168
1742899391.940290,334872.000,52533,1,SF,1,100,7.4299
1742899392.274294,335206.000,52581,1,SF,1,100,7.3439
1742899392.674298,335606.000,52648,1,SF,1,100,7.2590
1742899393.007302,335939.000,52697,1,SF,1,100,7.1750
1742899393.274305,336206.000,52747,1,SF,1,100,7.0920
1742899393.607308,336539.000,52805,1,SF,1,100,7.0099
1742899393.940312,336872.000,52854,1,SF,1,100,6.9289
1742899394.340316,337272.000,52921,1,SF,1,100,6.8487
1742899394.674320,337606.000,52971,1,SF,1,100,6.7695
1742899394.940323,337872.000,53021,1,SF,1,100,6.6912
1742899395.274326,338206.000,53070,1,SF,1,100,6.6138
1742899395.674330,338606.000,53137,1,SF,1,100,6.5373
1742899395.940333,338872.000,53187,1,SF,1,100,6.4616
1742899396.273337,339205.000,53236,1,SF,1,100,6.3869
1742899396.673341,339605.000,53303,1,SF,1,100,6.3130
1742899397.007345,339939.000,53351,1,SF,1,100,6.2400
1742899397.273348,340205.000,53404,1,SF,1,100,6.1678
1742899397.607351,340539.000,53452,1,SF,1,100,6.0964
1742899398.007355,340939.000,53519,1,SF,1,100,6.0259
1742899398.273358,341205.000,53568,1,SF,1,100,5.9562
1742899398.673362,341605.000,53625,1,SF,1,100,5.8873
1742899398.940365,341872.000,53674,1,SF,1,100,5.8192
1742899399.273369,342205.000,53724,1,SF,1,100,5.7519
1742899399.673373,342605.000,53789,1,SF,1,100,5.6853
1742899399.940376,342872.000,53842,1,SF,1,100,5.6196
1742899400.273380,343205.000,53891,1,SF,1,100,5.5546
1742899400.673384,343605.000,53960,1,SF,1,100,5.4903
1742899401.006387,343938.000,54010,1,SF,1,100,5.4268
1742899401.273390,344205.000,54064,1,SF,1,100,5.3640
1742899401.606394,344538.000,54113,1,SF,1,100,5.3020
1742899402.006398,344938.000,54180,1,SF,1,100,5.2406
1742899402.273401,345205.000,54228,1,SF,1,100,5.1800
1742899402.606405,345538.000,54278,1,SF,1,100,5.1201
1742899402.939408,345871.000,54329,1,SF,1,100,5.0609
1742899403.339412,346271.000,54396,1,SF,1,100,5.0023
1742899403.673416,346605.000,54454,1,SF,1,100,4.9444
1742899403.939419,346871.000,54504,1,SF,1,100,4.8872
1742899404.273422,347205.000,54555,1,SF,1,100,4.8307
1742899404.606426,347538.000,54603,1,SF,1,100,4.7748
1742899405.006430,347938.000,54670,1,SF,1,100,4.7196
1742899405.272433,348204.000,54721,1,SF,1,100,4.6650
1742899405.606436,348538.000,54771,1,SF,1,100,4.6110
1742899406.006441,348938.000,54836,1,SF,1,100,4.5577
1742899406.272444,349204.000,54887,1,SF,1,100,4.5050
1742899406.606447,349538.000,54936,1,SF,1,100,4.4529
1742899406.939451,349871.000,54988,1,SF,1,100,4.4013
1742899407.339455,350271.000,55053,1,SF,1,100,4.3504
1742899407.606458,350538.000,55103,1,SF,1,100,4.3001
1742899407.939461,350871.000,55152,1,SF,1,100,4.2504
1742899408.339466,351271.000,55221,1,SF,1,100,4.2012
1742899408.606469,351538.000,55271,1,SF,1,100,4.1526
1742899409.005473,351937.000,55324,1,SF,1,100,4.1046
1742899409.272476,352204.000,55376,1,SF,1,100,4.0571
1742899409.605479,352537.000,55425,1,SF,1,100,4.0101
1742899410.005484,352937.000,55492,1,SF,1,100,3.9638
1742899410.272486,353204.000,55540,1,SF,1,100,3.9179
1742899410.605490,353537.000,55592,1,SF,1,100,3.8726
1742899410.939494,353871.000,55641,1,SF,1,100,3.8278
1742899411.338498,354270.000,55708,1,SF,1,100,3.7835
1742899411.605501,354537.000,55757,1,SF,1,100,3.7397
1742899411.938504,354870.000,55807,1,SF,1,100,3.6965
1742899412.338508,355270.000,55872,1,SF,1,100,3.6537
1742899412.605511,355537.000,55925,1,SF,1,100,3.6114
1742899412.938515,355870.000,55973,1,SF,1,100,3.5697
1742899413.272518,356204.000,56022,1,SF,1,100,3.5284
1742899413.672523,356604.000,56091,1,SF,1,100,3.4876
1742899414.005526,356937.000,56148,1,SF,1,100,3.4472
1742899414.272529,357204.000,56197,1,SF,1,100,3.4073
1742899414.605533,357537.000,56247,1,SF,1,100,3.3679
1742899414.938536,357870.000,56298,1,SF,1,100,3.3290
1742899415.338541,358270.000,56363,1,SF,1,100,3.2904
1742899415.605543,358537.000,56413,1,SF,1,100,3.2524
1742899415.938547,358870.000,56462,1,SF,1,100,3.2148
1742899416.338551,359270.000,56530,1,SF,1,100,3.1776
1742899416.671555,359603.000,56579,1,SF,1,100,3.1408
1742899416.938558,359870.000,56630,1,SF,1,100,3.1045
1742899417.271561,360203.000,56678,1,SF,1,100,3.0686
1742899417.605565,360537.000,56731,1,SF,1,100,3.0331
1742899418.004569,360936.000,56796,1,SF,1,100,2.9980
1742899418.271572,361203.000,56846,1,SF,1,100,2.9633
1742899418.604575,361536.000,56899,1,SF,1,100,2.9290
1742899419.004580,361936.000,56955,1,SF,1,100,2.8951
1742899419.338583,362270.000,57005,1,SF,1,100,2.8616
1742899419.604586,362536.000,57056,1,SF,1,100,2.8285
1742899419.938590,362870.000,57104,1,SF,1,100,2.7958
1742899420.338594,363270.000,57169,1,SF,1,100,2.7635
1742899420.604597,363536.000,57222,1,SF,1,100,2.7315
1742899420.938600,363870.000,57270,1,SF,1,100,2.6999
1742899421.337605,364269.000,57337,1,SF,1,100,2.6687
1742899421.671608,364603.000,57386,1,SF,1,100,2.6378
1742899421.937611,364869.000,57438,1,SF,1,100,2.6073
1742899422.271615,365203.000,57487,1,SF,1,100,2.5771
1742899422.671619,365603.000,57554,1,SF,1,100,2.5473
1742899422.937622,365869.000,57602,1,SF,1,100,2.5179
1742899423.271625,366203.000,57654,1,SF,1,100,2.4887
1742899423.604629,366536.000,57705,1,SF,1,100,2.4599
1742899424.004633,366936.000,57772,1,SF,1,100,2.4315
1742899424.337637,367269.000,57830,1,SF,1,100,2.4034
1742899424.604640,367536.000,57881,1,SF,1,100,2.3755
1742899424.937643,367869.000,57930,1,SF,1,100,2.3481
1742899425.270647,368202.000,57980,1,SF,1,100,2.3209
1742899425.670651,368602.000,58045,1,SF,1,100,2.2941
1742899425.937654,368869.000,58098,1,SF,1,100,2.2675
1742899426.270657,369202.000,58146,1,SF,1,100,2.2413
1742899426.670662,369602.000,58213,1,SF,1,100,2.2154
1742899427.004665,369936.000,58262,1,SF,1,100,2.1897
1742899427.270668,370202.000,58312,1,SF,1,100,2.1644
1742899427.604671,370536.000,58363,1,SF,1,100,2.1394
1742899428.003676,370935.000,58428,1,SF,1,100,2.1146
1742899428.270679,371202.000,58478,1,SF,1,100,2.0902
1742899428.603682,371535.000,58530,1,SF,1,100,2.0660
1742899428.937686,371869.000,58581,1,SF,1,100,2.0421
1742899429.270689,372202.000,58635,1,SF,1,100,2.0185
1742899429.670694,372602.000,58702,1,SF,1,100,1.9951
1742899429.937696,372869.000,58754,1,SF,1,100,1.9720
1742899430.270700,373202.000,58803,1,SF,1,100,1.9492
1742899430.603704,373535.000,58853,1,SF,1,100,1.9267
1742899431.003708,373935.000,58918,1,SF,1,100,1.9044
1742899431.270711,374202.000,58971,1,SF,1,100,1.8823
1742899431.603714,374535.000,59019,1,SF,1,100,1.8606
1742899432.003719,374935.000,59086,1,SF,1,100,1.8390
1742899432.270721,375202.000,59135,1,SF,1,100,1.8178
1742899432.603725,375535.000,59186,1,SF,1,100,1.7967
1742899432.936728,375868.000,59236,1,SF,1,100,1.7760
1742899433.336733,376268.000,59305,1,SF,1,100,1.7554
1742899433.603736,376535.000,59355,1,SF,1,100,3.8174
1742899433.936739,376868.000,59408,1,SF,1,100,5.8555
1742899434.403744,377335.000,59481,1,SF,1,100,5.7877
1742899434.603746,377535.000,59513,1,SF,1,100,5.7208
1742899435.003751,377935.000,59582,1,SF,1,100,7.7368
1742899435.269753,378201.000,59632,1,SF,1,100,7.6473
1742899435.603757,378535.000,59683,1,SF,1,100,7.5589
1742899436.003761,378935.000,59750,1,SF,1,100,9.5537
1742899436.336765,379268.000,59800,1,SF,1,100,9.4432
1742899436.603768,379535.000,59851,1,SF,1,100,9.3339
1742899436.936771,379868.000,59903,1,SF,1,100,11.3082
1742899437.336776,380268.000,59968,1,SF,1,100,11.1774
1742899437.603778,380535.000,60019,1,SF,1,100,11.0481
1742899437.936782,380868.000,60067,1,SF,1,100,10.9203
1742899438.336786,381268.000,60137,1,SF,1,100,10.7940
1742899438.603789,381535.000,60191,1,SF,1,100,12.7513
1742899438.936793,381868.000,60239,1,SF,1,100,12.6038
1742899439.269796,382201.000,60290,1,SF,1,100,12.4580
1742899439.602800,382534.000,60345,1,SF,1,100,12.3139
1742899440.002804,382934.000,60412,1,SF,1,100,12.1715
1742899440.269807,383201.000,60461,1,SF,1,100,12.0307
1742899440.602810,383534.000,60512,1,SF,1,100,11.8915
1742899440.936814,383868.000,60562,1,SF,1,100,11.7539
1742899441.336818,384268.000,60629,1,SF,1,100,11.6180
1742899441.602821,384534.000,60677,1,SF,1,100,11.4836
1742899441.935825,384867.000,60730,1,SF,1,100,13.4330
1742899442.335829,385267.000,60797,1,SF,1,100,13.2776
1742899442.602832,385534.000,60847,1,SF,1,100,13.1240
1742899442.935835,385867.000,60898,1,SF,1,100,12.9722
1742899443.269839,386201.000,60946,1,SF,1,100,12.8221
1742899443.669843,386601.000,61015,1,SF,1,100,12.6738
1742899443.935846,386867.000,61066,1,SF,1,100,12.5272
1742899444.269850,387201.000,61116,1,SF,1,100,12.3823
1742899444.602853,387534.000,61170,1,SF,1,100,12.2390
1742899444.935857,387867.000,61224,1,SF,1,100,14.1797
1742899445.335861,388267.000,61291,1,SF,1,100,16.0979
1742899445.602864,388534.000,61342,1,SF,1,100,15.9117
1742899445.935868,388867.000,61390,1,SF,1,100,15.7276
1742899446.335872,389267.000,61457,1,SF,1,100,15.5457
1742899446.602875,389534.000,61508,1,SF,1,100,15.3658
1742899446.935878,389867.000,61558,1,SF,1,100,15.1881
1742899447.268882,390200.000,61609,1,SF,1,100,17.0946
1742899447.668886,390600.000,61676,1,SF,1,100,16.8969
1742899447.935889,390867.000,61726,1,SF,1,100,16.7014
1742899448.268892,391200.000,61779,1,SF,1,100,18.5905
1742899448.601896,391533.000,61829,1,SF,1,100,18.3754
1742899449.001900,391933.000,61896,1,SF,1,100,18.1629
1742899449.268903,392200.000,61947,1,SF,1,100,17.9527
1742899449.601907,392533.000,61997,1,SF,1,100,17.7451
1742899449.935910,392867.000,62055,1,SF,1,100,17.5398
1742899450.268914,393200.000,62103,1,SF,1,100,17.3369
1742899450.668918,393600.000,62170,1,SF,1,100,17.1363
1742899450.935921,393867.000,62219,1,SF,1,100,16.9381
1742899451.268924,394200.000,62267,1,SF,1,100,16.7422
1742899451.601928,394533.000,62320,1,SF,1,100,16.5485
1742899452.001932,394933.000,62387,1,SF,1,100,16.3570
1742899452.268935,395200.000,62435,1,SF,1,100,16.1678
1742899452.601939,395533.000,62487,1,SF,1,100,15.9808
1742899452.934942,395866.000,62536,1,SF,1,100,15.7959
1742899453.334946,396266.000,62605,1,SF,1,100,15.6132
1742899453.601949,396533.000,62654,1,SF,1,100,15.4326
1742899453.934953,396866.000,62704,1,SF,1,100,15.2541
1742899454.334957,397266.000,62769,1,SF,1,100,15.0776
1742899454.601960,397533.000,62824,1,SF,1,100,16.9854
1742899454.934963,397866.000,62862,1,SF,1,100,16.7889
1742899455.267967,398199.000,62913,1,SF,1,100,16.5947
1742899455.667971,398599.000,62978,1,SF,1,100,16.4028
1742899455.934974,398866.000,63030,1,SF,1,100,16.2130
1742899456.267978,399199.000,63079,1,SF,1,100,16.0255
1742899456.667982,399599.000,63146,1,SF,1,100,15.8401
1742899457.001986,399933.000,63194,1,SF,1,100,15.6568
1742899457.267988,400199.000,63247,1,SF,1,100,15.4757
1742899457.601992,400533.000,63295,1,SF,1,100,15.2967
1742899458.001996,400933.000,63364,1,SF,1,100,17.2020
1742899458.267999,401199.000,63415,1,SF,1,100,17.0030
1742899458.601003,401532.000,63466,1,SF,1,100,16.8063
1742899458.935006,401866.000,63516,1,SF,1,100,16.6119
1742899459.335011,402266.000,63583,1,SF,1,100,16.4197
1742899459.601013,402532.000,63633,1,SF,1,100,16.2298
1742899459.935017,402866.000,63689,1,SF,1,100,18.1243
1742899460.268021,403199.000,63740,1,SF,1,100,17.9146
1742899460.601024,403532.000,63791,1,SF,1,100,19.7896
1742899461.001028,403932.000,63858,1,SF,1,100,19.5607
1742899461.268031,404199.000,63908,1,SF,1,100,19.3344
1742899461.601035,404532.000,63959,1,SF,1,100,19.1108
1742899462.001039,404932.000,64024,1,SF,1,100,18.8897
1742899462.268042,405199.000,64074,1,SF,1,100,18.6712
1742899462.601045,405532.000,64124,1,SF,1,100,18.4552
1742899462.934049,405865.000,64175,1,SF,1,100,18.2417
1742899463.334053,406265.000,64243,1,SF,1,100,18.0307
1742899463.601056,406532.000,64296,1,SF,1,100,17.8221
1742899463.934060,406865.000,64345,1,SF,1,100,17.6159
1742899464.334064,407265.000,64412,1,SF,1,100,17.4121
1742899464.668067,407599.000,64464,1,SF,1,100,19.2930
1742899464.934070,407865.000,64514,1,SF,1,100,19.0698
1742899465.267074,408198.000,64570,1,SF,1,100,18.8492
1742899465.601078,408532.000,64620,1,SF,1,100,18.6311
1742899466.001082,408932.000,64685,1,SF,1,100,18.4156
1742899466.267085,409198.000,64736,1,SF,1,100,18.2026
1742899466.601088,409532.000,64785,1,SF,1,100,17.9920
1742899466.934092,409865.000,64837,1,SF,1,100,17.7839
1742899467.334096,410265.000,64902,1,SF,1,100,17.5782
1742899467.601099,410532.000,64952,1,SF,1,100,17.3748
1742899467.934103,410865.000,65001,1,SF,1,100,17.1738
1742899468.334107,411265.000,65073,1,SF,1,100,19.0574
1742899468.601110,411532.000,65122,1,SF,1,100,18.8369
1742899468.934113,411865.000,65173,1,SF,1,100,18.6190
1742899469.267117,412198.000,65221,1,SF,1,100,18.4037
1742899469.667121,412598.000,65288,1,SF,1,100,18.1908
1742899469.934124,412865.000,65339,1,SF,1,100,17.9803
1742899470.267127,413198.000,65394,1,SF,1,100,17.7723
1742899470.600131,413531.000,65447,1,SF,1,100,19.6490
1742899470.934134,413865.000,65497,1,SF,1,100,19.4217
1742899471.334139,414265.000,28,1,SF,1,100,21.2793
1742899471.600142,414531.000,79,1,SF,1,100,21.0331
1742899471.933145,414864.000,127,1,SF,1,100,20.7898
1742899472.333149,415264.000,195,1,SF,1,100,20.5493
1742899472.667153,415598.000,245,1,SF,1,100,20.3116
1742899472.933156,415864.000,295,1,SF,1,100,20.0766
1742899473.267159,416198.000,344,1,SF,1,100,19.8444
1742899473.667164,416598.000,413,1,SF,1,100,19.6148
1742899473.933167,416864.000,463,1,SF,1,100,19.3879
1742899474.267170,417198.000,514,1,SF,1,100,19.1636
1742899474.667174,417598.000,579,1,SF,1,100,18.9419
1742899475.000178,417931.000,629,1,SF,1,100,18.7228
1742899475.333182,418264.000,685,1,SF,1,100,18.5062
1742899475.600184,418531.000,735,1,SF,1,100,18.2921
1742899475.933188,418864.000,784,1,SF,1,100,18.0805
1742899476.333192,419264.000,852,1,SF,1,100,17.8714
1742899476.600195,419531.000,901,1,SF,1,100,17.6646
1742899476.933199,419864.000,954,1,SF,1,100,19.5426
1742899477.266202,420197.000,1002,1,SF,1,100,19.3165
1742899477.666206,420597.000,1069,1,SF,1,100,19.0930
1742899477.933209,420864.000,1120,1,SF,1,100,18.8722
1742899478.266213,421197.000,1170,1,SF,1,100,18.6538
1742899478.666217,421597.000,1237,1,SF,1,100,18.4381
1742899478.933220,421864.000,1288,1,SF,1,100,18.2248
1742899479.266223,422197.000,1338,1,SF,1,100,18.0139
1742899479.599227,422530.000,1389,1,SF,1,100,17.8055
1742899479.999231,422930.000,1454,1,SF,1,100,17.5996
1742899480.266234,423197.000,1504,1,SF,1,100,17.3960
1742899480.666239,423597.000,1560,1,SF,1,100,17.1947
1742899480.933241,423864.000,1610,1,SF,1,100,16.9958
1742899481.266245,424197.000,1659,1,SF,1,100,16.7992
1742899481.666249,424597.000,1728,1,SF,1,100,18.6871
1742899481.933252,424864.000,1778,1,SF,1,100,18.4710
1742899482.266256,425197.000,1831,1,SF,1,100,20.3395
1742899482.599259,425530.000,1879,1,SF,1,100,20.1043
1742899482.999264,425930.000,1946,1,SF,1,100,19.8717
1742899483.266266,426197.000,1999,1,SF,1,100,19.6418
1742899483.599270,426530.000,2051,1,SF,1,100,21.4968
1742899483.999274,426930.000,2118,1,SF,1,100,21.2482
1742899484.266277,427197.000,2167,1,SF,1,100,21.0024
1742899484.599281,427530.000,2218,1,SF,1,100,20.7594
1742899484.999285,427930.000,2283,1,SF,1,100,20.5193
1742899485.332288,428263.000,2335,1,SF,1,100,20.2819
1742899485.599291,428530.000,2388,1,SF,1,100,20.0473
1742899485.932295,428863.000,2439,1,SF,1,100,19.8154
1742899486.332299,429263.000,2506,1,SF,1,100,19.5861
1742899486.665303,429596.000,2556,1,SF,1,100,19.3596
1742899486.999306,429930.000,2607,1,SF,1,100,19.1356
1742899487.265309,430196.000,2657,1,SF,1,100,18.9143
1742899487.599313,430530.000,2706,1,SF,1,100,18.6954
1742899487.999317,430930.000,2773,1,SF,1,100,18.4792
1742899488.265320,431196.000,2823,1,SF,1,100,18.2654
1742899488.599323,431530.000,2874,1,SF,1,100,18.0541
1742899488.998327,431929.000,2942,1,SF,1,100,17.8453
1742899489.332331,432263.000,2991,1,SF,1,100,17.6388
1742899489.598334,432529.000,3042,1,SF,1,100,17.4348
1742899489.932338,432863.000,3090,1,SF,1,100,17.2331
1742899490.332342,433263.000,3157,1,SF,1,100,17.0337
1742899490.598345,433529.000,3213,1,SF,1,100,16.8367
1742899490.932348,433863.000,3263,1,SF,1,100,16.6419
1742899491.265352,434196.000,3312,1,SF,1,100,16.4494
1742899491.665356,434596.000,3379,1,SF,1,100,16.2591
1742899491.932359,434863.000,3429,1,SF,1,100,16.0710
1742899492.265363,435196.000,3480,1,SF,1,100,15.8851
1742899492.665367,435596.000,3545,1,SF,1,100,15.7014
1742899492.931370,435862.000,3595,1,SF,1,100,15.5197
1742899493.265373,436196.000,3645,1,SF,1,100,15.3402
1742899493.665377,436596.000,3715,1,SF,1,100,15.1627
1742899493.998381,436929.000,3763,1,SF,1,100,14.9873
1742899494.265384,437196.000,3814,1,SF,1,100,14.8140
1742899494.598387,437529.000,3862,1,SF,1,100,14.6426
1742899494.998392,437929.000,3929,1,SF,1,100,14.4732
1742899495.264395,438195.000,3980,1,SF,1,100,14.3058
1742899495.598398,438529.000,4028,1,SF,1,100,14.1403
1742899495.998402,438929.000,4100,1,SF,1,100,13.9767
1742899496.331406,439262.000,4151,1,SF,1,100,13.8150
1742899496.598409,439529.000,4201,1,SF,1,100,13.6552
1742899496.931412,439862.000,4250,1,SF,1,100,13.4972
1742899497.331417,440262.000,4317,1,SF,1,100,13.3411
1742899497.598419,440529.000,4365,1,SF,1,100,13.1868
1742899497.931423,440862.000,4418,1,SF,1,100,13.0342
1742899498.264426,441195.000,4466,1,SF,1,100,12.8835
1742899498.664431,441595.000,4535,1,SF,1,100,12.7344
1742899498.997434,441928.000,4584,1,SF,1,100,12.5871
1742899499.264437,442195.000,4636,1,SF,1,100,12.4415
1742899499.597441,442528.000,4685,1,SF,1,100,12.2976
1742899499.997445,442928.000,4752,1,SF,1,100,12.1553
1742899500.264448,443195.000,4800,1,SF,1,100,12.0147
1742899500.597451,443528.000,4851,1,SF,1,100,11.8757
1742899500.931455,443862.000,4906,1,SF,1,100,11.7383
